name,image_url
Kimi no Na wa.,https://cdn.myanimelist.net/images/anime/5/87048l.jpg
Fullmetal Alchemist: Brotherhood,https://cdn.myanimelist.net/images/anime/1208/94745l.jpg
Gintama°,https://cdn.myanimelist.net/images/anime/3/72078l.jpg
Steins;Gate,https://cdn.myanimelist.net/images/anime/1935/127974l.jpg
Gintama&#039;,https://cdn.myanimelist.net/images/anime/4/50361l.jpg
Haikyuu!!: Karasuno Koukou VS Shiratorizawa Gakuen Koukou,https://cdn.myanimelist.net/images/anime/7/81992l.jpg
Hunter x Hunter (2011),https://cdn.myanimelist.net/images/anime/1337/99013l.jpg
Ginga Eiyuu Densetsu,https://cdn.myanimelist.net/images/anime/1976/142016l.jpg
Gintama Movie: Kanketsu-hen - Yorozuya yo Eien Nare,https://cdn.myanimelist.net/images/anime/10/51723l.jpg
Gintama&#039;: Enchousen,https://cdn.myanimelist.net/images/anime/4/50361l.jpg
Clannad: After Story,https://cdn.myanimelist.net/images/anime/1299/110774l.jpg
Koe no Katachi,https://cdn.myanimelist.net/images/anime/1122/96435l.jpg
Gintama,https://cdn.myanimelist.net/images/anime/4/50361l.jpg
Code Geass: Hangyaku no Lelouch R2,https://cdn.myanimelist.net/images/anime/1088/135089l.jpg
Haikyuu!! Second Season,https://cdn.myanimelist.net/images/anime/9/76662l.jpg
Sen to Chihiro no Kamikakushi,https://cdn.myanimelist.net/images/anime/6/79597l.jpg
Shigatsu wa Kimi no Uso,https://cdn.myanimelist.net/images/anime/1405/143284l.jpg
Mushishi Zoku Shou 2nd Season,https://cdn.myanimelist.net/images/anime/9/68095l.jpg
Ookami Kodomo no Ame to Yuki,https://cdn.myanimelist.net/images/anime/9/35721l.jpg
Code Geass: Hangyaku no Lelouch,https://cdn.myanimelist.net/images/anime/1032/135088l.jpg
Hajime no Ippo,https://cdn.myanimelist.net/images/anime/4/86334l.jpg
Rurouni Kenshin: Meiji Kenkaku Romantan - Tsuioku-hen,https://cdn.myanimelist.net/images/anime/1656/137618l.jpg
Cowboy Bebop,https://cdn.myanimelist.net/images/anime/4/19644l.jpg
One Punch Man,https://cdn.myanimelist.net/images/anime/12/76049l.jpg
Mononoke Hime,https://cdn.myanimelist.net/images/anime/1355/147277l.jpg
Suzumiya Haruhi no Shoushitsu,https://cdn.myanimelist.net/images/anime/1248/112352l.jpg
Monogatari Series: Second Season,https://cdn.myanimelist.net/images/anime/1807/121534l.jpg
Mushishi Zoku Shou,https://cdn.myanimelist.net/images/anime/13/58533l.jpg
Mushishi,https://cdn.myanimelist.net/images/anime/2/73862l.jpg
Tengen Toppa Gurren Lagann,https://cdn.myanimelist.net/images/anime/4/5123l.jpg
Great Teacher Onizuka,https://cdn.myanimelist.net/images/anime/13/11460l.jpg
Natsume Yuujinchou Go,https://cdn.myanimelist.net/images/anime/11/81755l.jpg
Hajime no Ippo: New Challenger,https://cdn.myanimelist.net/images/anime/8/56617l.jpg
Mushishi Zoku Shou: Suzu no Shizuku,https://cdn.myanimelist.net/images/anime/9/72689l.jpg
Natsume Yuujinchou Shi,https://cdn.myanimelist.net/images/anime/3/37449l.jpg
Howl no Ugoku Shiro,https://cdn.myanimelist.net/images/anime/1470/138723l.jpg
Fate/Zero 2nd Season,https://cdn.myanimelist.net/images/anime/1522/117645l.jpg
Kizumonogatari II: Nekketsu-hen,https://cdn.myanimelist.net/images/anime/1981/112812l.jpg
Monster,https://cdn.myanimelist.net/images/anime/1648/152231l.jpg
Bakuman. 3rd Season,https://cdn.myanimelist.net/images/anime/6/41845l.jpg
Death Note,https://cdn.myanimelist.net/images/anime/1079/138100l.jpg
Gintama°: Aizome Kaori-hen,https://cdn.myanimelist.net/images/anime/3/72078l.jpg
Ansatsu Kyoushitsu (TV) 2nd Season,https://cdn.myanimelist.net/images/anime/5/75639l.jpg
Haikyuu!!,https://cdn.myanimelist.net/images/anime/7/76014l.jpg
Hajime no Ippo: Rising,https://cdn.myanimelist.net/images/anime/6/56147l.jpg
Kara no Kyoukai 5: Mujun Rasen,https://cdn.myanimelist.net/images/anime/4/75851l.jpg
Natsume Yuujinchou San,https://cdn.myanimelist.net/images/anime/8/82394l.jpg
Ping Pong The Animation,https://cdn.myanimelist.net/images/anime/1586/146565l.jpg
Mushishi Special: Hihamukage,https://cdn.myanimelist.net/images/anime/1559/147521l.jpg
Boku dake ga Inai Machi,https://cdn.myanimelist.net/images/anime/10/77957l.jpg
Yojouhan Shinwa Taikei,https://cdn.myanimelist.net/images/anime/1633/123689l.jpg
Aria The Origination,https://cdn.myanimelist.net/images/anime/1431/132867l.jpg
Kamisama Hajimemashita: Kako-hen,https://cdn.myanimelist.net/images/anime/3/81250l.jpg
Rainbow: Nisha Rokubou no Shichinin,https://cdn.myanimelist.net/images/anime/9/72697l.jpg
Re:Zero kara Hajimeru Isekai Seikatsu,https://cdn.myanimelist.net/images/anime/1522/128039l.jpg
Tengen Toppa Gurren Lagann Movie: Lagann-hen,https://cdn.myanimelist.net/images/anime/12/19698l.jpg
Zoku Natsume Yuujinchou,https://cdn.myanimelist.net/images/anime/4/79738l.jpg
Ano Hi Mita Hana no Namae wo Bokutachi wa Mada Shiranai.,https://cdn.myanimelist.net/images/anime/5/79697l.jpg
Kuroko no Basket 3rd Season,https://cdn.myanimelist.net/images/anime/4/68299l.jpg
Steins;Gate Movie: Fuka Ryouiki no Déjà vu,https://cdn.myanimelist.net/images/anime/1611/112806l.jpg
Hotarubi no Mori e,https://cdn.myanimelist.net/images/anime/1599/112267l.jpg
Shokugeki no Souma,https://cdn.myanimelist.net/images/anime/1444/148976l.jpg
Yuri!!! on Ice,https://cdn.myanimelist.net/images/anime/6/81149l.jpg
Gintama: Yorinuki Gintama-san on Theater 2D,https://cdn.myanimelist.net/images/anime/1172/90571l.jpg
JoJo no Kimyou na Bouken: Stardust Crusaders 2nd Season,https://cdn.myanimelist.net/images/anime/11/55267l.jpg
Gintama Movie: Shinyaku Benizakura-hen,https://cdn.myanimelist.net/images/anime/4/28803l.jpg
Hellsing Ultimate,https://cdn.myanimelist.net/images/anime/1012/143965l.jpg
Kiseijuu: Sei no Kakuritsu,https://cdn.myanimelist.net/images/anime/3/73178l.jpg
Shouwa Genroku Rakugo Shinjuu,https://cdn.myanimelist.net/images/anime/1354/124768l.jpg
Uchuu Kyoudai,https://cdn.myanimelist.net/images/anime/1290/135694l.jpg
Bakemono no Ko,https://cdn.myanimelist.net/images/anime/11/73540l.jpg
Hotaru no Haka,https://cdn.myanimelist.net/images/anime/1485/141208l.jpg
Kuroko no Basket 2nd Season,https://cdn.myanimelist.net/images/anime/9/56155l.jpg
Major S5,https://cdn.myanimelist.net/images/anime/9/75218l.jpg
One Piece,https://cdn.myanimelist.net/images/anime/1770/97704l.jpg
Ghost in the Shell: Stand Alone Complex 2nd GIG,https://cdn.myanimelist.net/images/anime/1646/135390l.jpg
JoJo no Kimyou na Bouken: Diamond wa Kudakenai,https://cdn.myanimelist.net/images/anime/3/79156l.jpg
Kara no Kyoukai 7: Satsujin Kousatsu (Kou),https://cdn.myanimelist.net/images/anime/9/56619l.jpg
Kingdom 2nd Season,https://cdn.myanimelist.net/images/anime/13/53589l.jpg
Slam Dunk,https://cdn.myanimelist.net/images/anime/12/86890l.jpg
Usagi Drop,https://cdn.myanimelist.net/images/anime/1460/98853l.jpg
Girls und Panzer der Film,https://cdn.myanimelist.net/images/anime/1776/91467l.jpg
Mob Psycho 100,https://cdn.myanimelist.net/images/anime/8/80356l.jpg
Nana,https://cdn.myanimelist.net/images/anime/2/11232l.jpg
Baccano!,https://cdn.myanimelist.net/images/anime/3/14547l.jpg
Mushishi Zoku Shou: Odoro no Michi,https://cdn.myanimelist.net/images/anime/8/63539l.jpg
Shingeki no Kyojin,https://cdn.myanimelist.net/images/anime/10/47347l.jpg
Bakuman. 2nd Season,https://cdn.myanimelist.net/images/anime/3/34923l.jpg
Cross Game,https://cdn.myanimelist.net/images/anime/6/22103l.jpg
Doukyuusei (Movie),https://cdn.myanimelist.net/images/anime/3/78606l.jpg
Evangelion: 2.0 You Can (Not) Advance,https://cdn.myanimelist.net/images/anime/5/74983l.jpg
Shinsekai yori,https://cdn.myanimelist.net/images/anime/1549/136389l.jpg
Uchuu Senkan Yamato 2199,https://cdn.myanimelist.net/images/anime/2/36607l.jpg
Chihayafuru 2,https://cdn.myanimelist.net/images/anime/6/47435l.jpg
Fate/Zero,https://cdn.myanimelist.net/images/anime/1887/117644l.jpg
JoJo no Kimyou na Bouken (TV),https://cdn.myanimelist.net/images/anime/3/40409l.jpg
Mahou Shoujo Madoka★Magica,https://cdn.myanimelist.net/images/anime/11/55225l.jpg
Nichijou,https://cdn.myanimelist.net/images/anime/3/75617l.jpg
Psycho-Pass,https://cdn.myanimelist.net/images/anime/1314/142015l.jpg
Barakamon,https://cdn.myanimelist.net/images/anime/1426/111248l.jpg
Diamond no Ace: Second Season,https://cdn.myanimelist.net/images/anime/9/74398l.jpg
Magi: The Kingdom of Magic,https://cdn.myanimelist.net/images/anime/13/55039l.jpg
Mahou Shoujo Madoka★Magica Movie 3: Hangyaku no Monogatari,https://cdn.myanimelist.net/images/anime/12/77732l.jpg
Major: World Series,https://cdn.myanimelist.net/images/anime/5/75220l.jpg
Samurai Champloo,https://cdn.myanimelist.net/images/anime/1370/135212l.jpg
Shokugeki no Souma: Ni no Sara,https://cdn.myanimelist.net/images/anime/8/79353l.jpg
Katanagatari,https://cdn.myanimelist.net/images/anime/1112/119225l.jpg
Mahou Shoujo Madoka★Magica Movie 2: Eien no Monogatari,https://cdn.myanimelist.net/images/anime/12/77732l.jpg
Major S6,https://cdn.myanimelist.net/images/anime/2/75216l.jpg
Mononoke,https://cdn.myanimelist.net/images/anime/3/20713l.jpg
Shirobako,https://cdn.myanimelist.net/images/anime/1460/141897l.jpg
Ashita no Joe 2,https://cdn.myanimelist.net/images/anime/3/45028l.jpg
Hunter x Hunter,https://cdn.myanimelist.net/images/anime/1305/132237l.jpg
Noragami Aragoto,https://cdn.myanimelist.net/images/anime/1689/94850l.jpg
Sakamichi no Apollon,https://cdn.myanimelist.net/images/anime/1604/98654l.jpg
Tonari no Totoro,https://cdn.myanimelist.net/images/anime/1110/147278l.jpg
Ghost in the Shell: Stand Alone Complex,https://cdn.myanimelist.net/images/anime/11/50857l.jpg
Kaze no Tani no Nausicaä,https://cdn.myanimelist.net/images/anime/10/75914l.jpg
No Game No Life,https://cdn.myanimelist.net/images/anime/1074/111944l.jpg
Romeo no Aoi Sora,https://cdn.myanimelist.net/images/anime/4/17979l.jpg
Yuu☆Yuu☆Hakusho,https://cdn.myanimelist.net/images/anime/1228/111372l.jpg
Kino no Tabi: The Beautiful World,https://cdn.myanimelist.net/images/anime/1763/95397l.jpg
Kuroko no Basket,https://cdn.myanimelist.net/images/anime/11/50453l.jpg
Nodame Cantabile,https://cdn.myanimelist.net/images/anime/9/11986l.jpg
Ookami to Koushinryou II,https://cdn.myanimelist.net/images/anime/6/59399l.jpg
Shingeki no Kyojin: Kuinaki Sentaku,https://cdn.myanimelist.net/images/anime/8/69497l.jpg
Steins;Gate: Oukoubakko no Poriomania,https://cdn.myanimelist.net/images/anime/1805/123188l.jpg
Fate/stay night: Unlimited Blade Works 2nd Season,https://cdn.myanimelist.net/images/anime/1881/124810l.jpg
Kemono no Souja Erin,https://cdn.myanimelist.net/images/anime/1929/121700l.jpg
Kizumonogatari I: Tekketsu-hen,https://cdn.myanimelist.net/images/anime/1783/112810l.jpg
Neon Genesis Evangelion: The End of Evangelion,https://cdn.myanimelist.net/images/anime/1404/98182l.jpg
Toradora!,https://cdn.myanimelist.net/images/anime/13/22128l.jpg
Toki wo Kakeru Shoujo,https://cdn.myanimelist.net/images/anime/1/2432l.jpg
Tsubasa: Tokyo Revelations,https://cdn.myanimelist.net/images/anime/4/49129l.jpg
Owarimonogatari,https://cdn.myanimelist.net/images/anime/8/76479l.jpg
Rurouni Kenshin: Meiji Kenkaku Romantan,https://cdn.myanimelist.net/images/anime/1346/119505l.jpg
Stranger: Mukou Hadan,https://cdn.myanimelist.net/images/anime/9/87066l.jpg
Detective Conan Movie 06: The Phantom of Baker Street,https://cdn.myanimelist.net/images/anime/1400/94320l.jpg
Fate/stay night: Unlimited Blade Works,https://cdn.myanimelist.net/images/anime/12/67333l.jpg
Major S1,https://cdn.myanimelist.net/images/anime/13/73973l.jpg
Mobile Suit Gundam: The Origin,https://cdn.myanimelist.net/images/anime/4/72702l.jpg
Nanatsu no Taizai,https://cdn.myanimelist.net/images/anime/8/65409l.jpg
Natsume Yuujinchou,https://cdn.myanimelist.net/images/anime/1681/108439l.jpg
One Piece Film: Strong World,https://cdn.myanimelist.net/images/anime/1192/116784l.jpg
Higurashi no Naku Koro ni Kai,https://cdn.myanimelist.net/images/anime/12/14114l.jpg
Hunter x Hunter OVA,https://cdn.myanimelist.net/images/anime/1902/122320l.jpg
Hunter x Hunter: Greed Island Final,https://cdn.myanimelist.net/images/anime/1/139l.jpg
Kuroshitsuji: Book of Murder,https://cdn.myanimelist.net/images/anime/12/74392l.jpg
Major S2,https://cdn.myanimelist.net/images/anime/6/73972l.jpg
One Outs,https://cdn.myanimelist.net/images/anime/7/21065l.jpg
Beck,https://cdn.myanimelist.net/images/anime/11/11636l.jpg
Berserk,https://cdn.myanimelist.net/images/anime/10/79352l.jpg
Cowboy Bebop: Tengoku no Tobira,https://cdn.myanimelist.net/images/anime/1439/93480l.jpg
Major S3,https://cdn.myanimelist.net/images/anime/9/73971l.jpg
Mobile Suit Gundam Unicorn,https://cdn.myanimelist.net/images/anime/12/50459l.jpg
Natsume Yuujinchou: Itsuka Yuki no Hi ni,https://cdn.myanimelist.net/images/anime/11/79742l.jpg
NHK ni Youkoso!,https://cdn.myanimelist.net/images/anime/3/52675l.jpg
Rose of Versailles,https://cdn.myanimelist.net/images/anime/9/57043l.jpg
Sakurasou no Pet na Kanojo,https://cdn.myanimelist.net/images/anime/4/43643l.jpg
Angel Beats!,https://cdn.myanimelist.net/images/anime/1244/111115l.jpg
Bakemonogatari,https://cdn.myanimelist.net/images/anime/11/75274l.jpg
Bungou Stray Dogs 2nd Season,https://cdn.myanimelist.net/images/anime/1572/133096l.jpg
Hajime no Ippo: Champion Road,https://cdn.myanimelist.net/images/anime/1521/137978l.jpg
One Piece Film: Z,https://cdn.myanimelist.net/images/anime/6/44297l.jpg
Ouran Koukou Host Club,https://cdn.myanimelist.net/images/anime/2/71992l.jpg
Detective Conan Movie 13: The Raven Chaser,https://cdn.myanimelist.net/images/anime/2/22558l.jpg
Durarara!!,https://cdn.myanimelist.net/images/anime/10/71772l.jpg
Nodame Cantabile Finale,https://cdn.myanimelist.net/images/anime/1084/119096l.jpg
Planetes,https://cdn.myanimelist.net/images/anime/1209/142900l.jpg
Shelter,https://cdn.myanimelist.net/images/anime/1503/115760l.jpg
Tenkuu no Shiro Laputa,https://cdn.myanimelist.net/images/anime/5/37799l.jpg
Gintama: Shiroyasha Koutan,https://cdn.myanimelist.net/images/anime/6/16161l.jpg
Hachimitsu to Clover II,https://cdn.myanimelist.net/images/anime/6/11040l.jpg
InuYasha: Kanketsu-hen,https://cdn.myanimelist.net/images/anime/7/75570l.jpg
Kaguya-hime no Monogatari,https://cdn.myanimelist.net/images/anime/1935/93606l.jpg
Katekyo Hitman Reborn!,https://cdn.myanimelist.net/images/anime/1531/142751l.jpg
Kuroshitsuji: Book of Circus,https://cdn.myanimelist.net/images/anime/6/64811l.jpg
Ookami to Koushinryou,https://cdn.myanimelist.net/images/anime/5/59401l.jpg
Boku no Hero Academia,https://cdn.myanimelist.net/images/anime/10/78745l.jpg
Gin no Saji 2nd Season,https://cdn.myanimelist.net/images/anime/8/57995l.jpg
Little Busters!: Refrain,https://cdn.myanimelist.net/images/anime/10/55049l.jpg
Major: Message,https://cdn.myanimelist.net/images/anime/11/75219l.jpg
Saint Seiya: The Lost Canvas - Meiou Shinwa 2,https://cdn.myanimelist.net/images/anime/12/29597l.jpg
SKET Dance,https://cdn.myanimelist.net/images/anime/9/73974l.jpg
Bakuman.,https://cdn.myanimelist.net/images/anime/6/26138l.jpg
Danshi Koukousei no Nichijou,https://cdn.myanimelist.net/images/anime/3/33257l.jpg
Kotonoha no Niwa,https://cdn.myanimelist.net/images/anime/1597/112995l.jpg
Kyoukai no Kanata Movie: I&#039;ll Be Here - Mirai-hen,https://cdn.myanimelist.net/images/anime/9/72614l.jpg
Major S4,https://cdn.myanimelist.net/images/anime/9/75217l.jpg
Omoide no Marnie,https://cdn.myanimelist.net/images/anime/7/64293l.jpg
Working!!!: Lord of the Takanashi,https://cdn.myanimelist.net/images/anime/10/79375l.jpg
Ghost in the Shell,https://cdn.myanimelist.net/images/anime/10/82594l.jpg
K-On! Movie,https://cdn.myanimelist.net/images/anime/5/76233l.jpg
Kuroko no Basket: Saikou no Present Desu,https://cdn.myanimelist.net/images/anime/13/77323l.jpg
Mahou Shoujo Lyrical Nanoha: The Movie 2nd A&#039;s,https://cdn.myanimelist.net/images/anime/1511/94432l.jpg
Sennen Joyuu,https://cdn.myanimelist.net/images/anime/1648/93626l.jpg
Steins;Gate: Kyoukaimenjou no Missing Link - Divide By Zero,https://cdn.myanimelist.net/images/anime/7/77324l.jpg
xxxHOLiC Kei,https://cdn.myanimelist.net/images/anime/9/8626l.jpg
Berserk: Ougon Jidai-hen III - Kourin,https://cdn.myanimelist.net/images/anime/12/41305l.jpg
Death Parade,https://cdn.myanimelist.net/images/anime/5/71553l.jpg
Fullmetal Alchemist,https://cdn.myanimelist.net/images/anime/10/75815l.jpg
Gyakkyou Burai Kaiji: Ultimate Survivor,https://cdn.myanimelist.net/images/anime/12/80032l.jpg
Hunter x Hunter: Greed Island,https://cdn.myanimelist.net/images/anime/1902/122320l.jpg
Redline,https://cdn.myanimelist.net/images/anime/12/28553l.jpg
Chihayafuru,https://cdn.myanimelist.net/images/anime/3/35749l.jpg
Detective Conan Movie 20: The Darkest Nightmare,https://cdn.myanimelist.net/images/anime/10/78894l.jpg
Dragon Ball Z,https://cdn.myanimelist.net/images/anime/1277/142022l.jpg
Fate/stay night: Unlimited Blade Works - Prologue,https://cdn.myanimelist.net/images/anime/9/67425l.jpg
Kokoro ga Sakebitagatterunda.,https://cdn.myanimelist.net/images/anime/1245/112628l.jpg
Mimi wo Sumaseba,https://cdn.myanimelist.net/images/anime/1764/138714l.jpg
Nagi no Asukara,https://cdn.myanimelist.net/images/anime/7/53549l.jpg
Neon Genesis Evangelion,https://cdn.myanimelist.net/images/anime/1314/108941l.jpg
One Piece Film: Gold,https://cdn.myanimelist.net/images/anime/1081/137690l.jpg
Tokyo Godfathers,https://cdn.myanimelist.net/images/anime/1480/132791l.jpg
Trigun,https://cdn.myanimelist.net/images/anime/1130/120002l.jpg
xxxHOLiC Rou,https://cdn.myanimelist.net/images/anime/9/25080l.jpg
Gintama: Shinyaku Benizakura-hen,https://cdn.myanimelist.net/images/anime/12/26966l.jpg
Mahou Shoujo Madoka★Magica Movie 1: Hajimari no Monogatari,https://cdn.myanimelist.net/images/anime/12/77732l.jpg
Sekaiichi Hatsukoi 2,https://cdn.myanimelist.net/images/anime/8/34871l.jpg
Yahari Ore no Seishun Love Comedy wa Machigatteiru. Zoku,https://cdn.myanimelist.net/images/anime/11/75376l.jpg
Yahari Ore no Seishun Love Comedy wa Machigatteiru. Zoku OVA,https://cdn.myanimelist.net/images/anime/13/84052l.jpg
Aria The Natural,https://cdn.myanimelist.net/images/anime/2/77621l.jpg
Black Lagoon: The Second Barrage,https://cdn.myanimelist.net/images/anime/3/83748l.jpg
Clannad,https://cdn.myanimelist.net/images/anime/1804/95033l.jpg
Kami nomi zo Shiru Sekai: Megami-hen,https://cdn.myanimelist.net/images/anime/6/51949l.jpg
Summer Wars,https://cdn.myanimelist.net/images/anime/1593/116751l.jpg
Baccano! Specials,https://cdn.myanimelist.net/images/anime/7/9129l.jpg
Detective Conan Movie 14: The Lost Ship in the Sky,https://cdn.myanimelist.net/images/anime/7/22312l.jpg
Gyakkyou Burai Kaiji: Hakairoku-hen,https://cdn.myanimelist.net/images/anime/10/30599l.jpg
Initial D Final Stage,https://cdn.myanimelist.net/images/anime/1404/101364l.jpg
Kaiba,https://cdn.myanimelist.net/images/anime/1959/147908l.jpg
One Piece: Episode of Merry - Mou Hitori no Nakama no Monogatari,https://cdn.myanimelist.net/images/anime/9/61015l.jpg
Saiki Kusuo no Ψ-nan (TV),https://cdn.myanimelist.net/images/anime/1973/142750l.jpg
Cardcaptor Sakura Movie 2: Fuuin Sareta Card,https://cdn.myanimelist.net/images/anime/1652/90326l.jpg
Hajime no Ippo: Mashiba vs. Kimura,https://cdn.myanimelist.net/images/anime/4/64737l.jpg
Kamisama Hajimemashita◎,https://cdn.myanimelist.net/images/anime/8/69187l.jpg
Skip Beat!,https://cdn.myanimelist.net/images/anime/11/84022l.jpg
Yowamushi Pedal: Grande Road,https://cdn.myanimelist.net/images/anime/12/67799l.jpg
Gankutsuou,https://cdn.myanimelist.net/images/anime/1910/138560l.jpg
Majo no Takkyuubin,https://cdn.myanimelist.net/images/anime/1579/140483l.jpg
Nodame Cantabile: Paris-hen,https://cdn.myanimelist.net/images/anime/1896/147906l.jpg
One Piece: Episode of Nami - Koukaishi no Namida to Nakama no Kizuna,https://cdn.myanimelist.net/images/anime/5/41415l.jpg
Osomatsu-san,https://cdn.myanimelist.net/images/anime/7/76540l.jpg
Space☆Dandy 2nd Season,https://cdn.myanimelist.net/images/anime/3/64451l.jpg
Tsumiki no Ie,https://cdn.myanimelist.net/images/anime/1063/117013l.jpg
Detroit Metal City,https://cdn.myanimelist.net/images/anime/3/9853l.jpg
Eve no Jikan,https://cdn.myanimelist.net/images/anime/13/19480l.jpg
Eve no Jikan (Movie),https://cdn.myanimelist.net/images/anime/9/27711l.jpg
Kaichou wa Maid-sama!,https://cdn.myanimelist.net/images/anime/6/25254l.jpg
Saint Seiya: Meiou Hades Juuni Kyuu-hen,https://cdn.myanimelist.net/images/anime/1182/122016l.jpg
Zankyou no Terror,https://cdn.myanimelist.net/images/anime/1417/117422l.jpg
Darker than Black: Kuro no Keiyakusha,https://cdn.myanimelist.net/images/anime/5/19570l.jpg
Detective Conan,https://cdn.myanimelist.net/images/anime/7/75199l.jpg
Detective Conan Movie 05: Countdown to Heaven,https://cdn.myanimelist.net/images/anime/1144/92654l.jpg
Diamond no Ace,https://cdn.myanimelist.net/images/anime/5/54235l.jpg
Fairy Tail (2014),https://cdn.myanimelist.net/images/anime/3/60551l.jpg
Hibike! Euphonium 2,https://cdn.myanimelist.net/images/anime/10/81155l.jpg
JoJo no Kimyou na Bouken: Stardust Crusaders,https://cdn.myanimelist.net/images/anime/11/55267l.jpg
Maison Ikkoku,https://cdn.myanimelist.net/images/anime/6/17576l.jpg
Non Non Biyori Repeat,https://cdn.myanimelist.net/images/anime/9/75105l.jpg
Shijou Saikyou no Deshi Kenichi,https://cdn.myanimelist.net/images/anime/9/75515l.jpg
Yuusha-Ou GaoGaiGar Final,https://cdn.myanimelist.net/images/anime/1187/132740l.jpg
Gekkan Shoujo Nozaki-kun,https://cdn.myanimelist.net/images/anime/5/66083l.jpg
Initial D Fourth Stage,https://cdn.myanimelist.net/images/anime/9/10521l.jpg
Junjou Romantica 2,https://cdn.myanimelist.net/images/anime/6/38417l.jpg
Kaze Tachinu,https://cdn.myanimelist.net/images/anime/8/52353l.jpg
Kingdom,https://cdn.myanimelist.net/images/anime/13/39511l.jpg
Kuragehime,https://cdn.myanimelist.net/images/anime/1764/133575l.jpg
Magi: The Labyrinth of Magic,https://cdn.myanimelist.net/images/anime/11/42773l.jpg
Mobile Suit Gundam 00,https://cdn.myanimelist.net/images/anime/3/13200l.jpg
ReLIFE,https://cdn.myanimelist.net/images/anime/3/82149l.jpg
Saint Seiya: The Lost Canvas - Meiou Shinwa,https://cdn.myanimelist.net/images/anime/8/75546l.jpg
Seirei no Moribito,https://cdn.myanimelist.net/images/anime/4/50337l.jpg
Akatsuki no Yona,https://cdn.myanimelist.net/images/anime/9/64225l.jpg
Detective Conan Movie 08: Magician of the Silver Sky,https://cdn.myanimelist.net/images/anime/2/20982l.jpg
Durarara!!x2 Ketsu,https://cdn.myanimelist.net/images/anime/6/77838l.jpg
Free!: Eternal Summer Special,https://cdn.myanimelist.net/images/anime/6/73125l.jpg
Glass no Kamen (2005),https://cdn.myanimelist.net/images/anime/7/75061l.jpg
Gosick,https://cdn.myanimelist.net/images/anime/11/27906l.jpg
Hajime no Ippo: Boxer no Kobushi,https://cdn.myanimelist.net/images/anime/2/84664l.jpg
Initial D First Stage,https://cdn.myanimelist.net/images/anime/1384/127972l.jpg
Kill la Kill,https://cdn.myanimelist.net/images/anime/1464/111943l.jpg
Lovely★Complex,https://cdn.myanimelist.net/images/anime/11/75563l.jpg
Perfect Blue,https://cdn.myanimelist.net/images/anime/1254/134212l.jpg
Princess Tutu,https://cdn.myanimelist.net/images/anime/1145/93646l.jpg
Sakasama no Patema,https://cdn.myanimelist.net/images/anime/12/52415l.jpg
Tsubasa: Shunraiki,https://cdn.myanimelist.net/images/anime/9/33841l.jpg
Ashita no Joe,https://cdn.myanimelist.net/images/anime/5/64671l.jpg
Fairy Tail,https://cdn.myanimelist.net/images/anime/5/18179l.jpg
Ghost in the Shell: Stand Alone Complex - Solid State Society,https://cdn.myanimelist.net/images/anime/3/85128l.jpg
Magi: Sinbad no Bouken (TV),https://cdn.myanimelist.net/images/anime/10/78783l.jpg
Shoujo Kakumei Utena,https://cdn.myanimelist.net/images/anime/1078/95285l.jpg
Tengen Toppa Gurren Lagann Movie: Gurren-hen,https://cdn.myanimelist.net/images/anime/12/19698l.jpg
Detective Conan Movie 10: Requiem of the Detectives,https://cdn.myanimelist.net/images/anime/1919/94322l.jpg
Evangelion: 1.0 You Are (Not) Alone,https://cdn.myanimelist.net/images/anime/7/74975l.jpg
Full Metal Panic? Fumoffu,https://cdn.myanimelist.net/images/anime/4/75260l.jpg
Ginga Eiyuu Densetsu: Arata Naru Tatakai no Overture,https://cdn.myanimelist.net/images/anime/8/22498l.jpg
Kara no Kyoukai 3: Tsuukaku Zanryuu,https://cdn.myanimelist.net/images/anime/4/21735l.jpg
Mobile Suit Gundam 00 Second Season,https://cdn.myanimelist.net/images/anime/9/12782l.jpg
Nisemonogatari,https://cdn.myanimelist.net/images/anime/1044/103654l.jpg
Tsukimonogatari,https://cdn.myanimelist.net/images/anime/6/68259l.jpg
Ansatsu Kyoushitsu (TV),https://cdn.myanimelist.net/images/anime/5/75639l.jpg
Aria The Avvenire,https://cdn.myanimelist.net/images/anime/10/74338l.jpg
Baby Steps 2nd Season,https://cdn.myanimelist.net/images/anime/9/73683l.jpg
D.Gray-man,https://cdn.myanimelist.net/images/anime/1127/141116l.jpg
"Ginga Eiyuu Densetsu Gaiden: Senoku no Hoshi, Senoku no Hikari",https://cdn.myanimelist.net/images/anime/9/28463l.jpg
Gintama: Jump Festa 2014 Special,https://cdn.myanimelist.net/images/anime/1327/110925l.jpg
Lupin III: Cagliostro no Shiro,https://cdn.myanimelist.net/images/anime/5/26182l.jpg
Mobile Suit Gundam: Iron-Blooded Orphans 2nd Season,https://cdn.myanimelist.net/images/anime/6/80899l.jpg
Ookiku Furikabutte: Natsu no Taikai-hen,https://cdn.myanimelist.net/images/anime/10/18671l.jpg
Saiunkoku Monogatari 2nd Season,https://cdn.myanimelist.net/images/anime/1998/139962l.jpg
Sekaiichi Hatsukoi Movie: Yokozawa Takafumi no Baai,https://cdn.myanimelist.net/images/anime/11/65927l.jpg
Ano Hi Mita Hana no Namae wo Bokutachi wa Mada Shiranai. Movie,https://cdn.myanimelist.net/images/anime/5/49993l.jpg
Dennou Coil,https://cdn.myanimelist.net/images/anime/5/12844l.jpg
Eureka Seven,https://cdn.myanimelist.net/images/anime/12/34443l.jpg
Ghost in the Shell: Stand Alone Complex - The Laughing Man,https://cdn.myanimelist.net/images/anime/1127/141116l.jpg
Gintama: Dai Hanseikai,https://cdn.myanimelist.net/images/anime/1725/110927l.jpg
Hidamari Sketch: Sae Hiro Sotsugyou-hen,https://cdn.myanimelist.net/images/anime/1913/146300l.jpg
Hikaru no Go,https://cdn.myanimelist.net/images/anime/12/78317l.jpg
Kimi ni Todoke,https://cdn.myanimelist.net/images/anime/1502/124384l.jpg
Kokoro Connect: Michi Random,https://cdn.myanimelist.net/images/anime/10/45526l.jpg
Tokyo Magnitude 8.0,https://cdn.myanimelist.net/images/anime/10/13776l.jpg
Cardcaptor Sakura,https://cdn.myanimelist.net/images/anime/8/60781l.jpg
ef: A Tale of Melodies.,https://cdn.myanimelist.net/images/anime/1675/131993l.jpg
Gin no Saji,https://cdn.myanimelist.net/images/anime/6/49237l.jpg
Hachimitsu to Clover,https://cdn.myanimelist.net/images/anime/1301/133577l.jpg
Kodomo no Omocha (TV),https://cdn.myanimelist.net/images/anime/5/7016l.jpg
Love Live! The School Idol Movie,https://cdn.myanimelist.net/images/anime/6/75700l.jpg
Mahoutsukai no Yome: Hoshi Matsu Hito,https://cdn.myanimelist.net/images/anime/4/80587l.jpg
Sekaiichi Hatsukoi OVA,https://cdn.myanimelist.net/images/anime/11/35863l.jpg
Working!!!,https://cdn.myanimelist.net/images/anime/10/75262l.jpg
Black Lagoon,https://cdn.myanimelist.net/images/anime/1906/121592l.jpg
Detective Conan Movie 18: The Sniper from Another Dimension,https://cdn.myanimelist.net/images/anime/11/60289l.jpg
Final Fantasy VII: Advent Children Complete,https://cdn.myanimelist.net/images/anime/1065/94641l.jpg
Higurashi no Naku Koro ni,https://cdn.myanimelist.net/images/anime/12/19634l.jpg
Hyouka,https://cdn.myanimelist.net/images/anime/13/50521l.jpg
Interstella5555: The 5tory of The 5ecret 5tar 5ystem,https://cdn.myanimelist.net/images/anime/1618/146985l.jpg
Kanon (2006),https://cdn.myanimelist.net/images/anime/1362/128746l.jpg
Kimi ni Todoke 2nd Season,https://cdn.myanimelist.net/images/anime/1311/121574l.jpg
Noragami,https://cdn.myanimelist.net/images/anime/1886/128266l.jpg
Persona 3 the Movie 4: Winter of Rebirth,https://cdn.myanimelist.net/images/anime/9/77828l.jpg
xxxHOLiC Shunmuki,https://cdn.myanimelist.net/images/anime/12/25079l.jpg
Zetsuen no Tempest,https://cdn.myanimelist.net/images/anime/7/42453l.jpg
Aria The Origination: Sono Choppiri Himitsu no Basho ni...,https://cdn.myanimelist.net/images/anime/11/15053l.jpg
Detective Conan Movie 03: The Last Wizard of the Century,https://cdn.myanimelist.net/images/anime/1831/94317l.jpg
Detective Conan Movie 04: Captured in Her Eyes,https://cdn.myanimelist.net/images/anime/1196/94319l.jpg
Dragon Ball,https://cdn.myanimelist.net/images/anime/1887/92364l.jpg
Hanada Shounen-shi,https://cdn.myanimelist.net/images/anime/2/87319l.jpg
Junjou Romantica 3,https://cdn.myanimelist.net/images/anime/2/74170l.jpg
Juuni Kokuki,https://cdn.myanimelist.net/images/anime/6/50859l.jpg
Major Movie: Yuujou no Winning Shot,https://cdn.myanimelist.net/images/anime/10/75221l.jpg
Mirai Shounen Conan,https://cdn.myanimelist.net/images/anime/6/17529l.jpg
One Piece Film: Strong World Episode 0,https://cdn.myanimelist.net/images/anime/1172/109469l.jpg
Phantom: Requiem for the Phantom,https://cdn.myanimelist.net/images/anime/8/22470l.jpg
Tamako Love Story,https://cdn.myanimelist.net/images/anime/1417/91333l.jpg
Toaru Kagaku no Railgun S,https://cdn.myanimelist.net/images/anime/7/75610l.jpg
Touch,https://cdn.myanimelist.net/images/anime/3/53087l.jpg
Yowamushi Pedal,https://cdn.myanimelist.net/images/anime/5/53211l.jpg
Akira,https://cdn.myanimelist.net/images/anime/1408/114012l.jpg
Black Lagoon: Roberta&#039;s Blood Trail,https://cdn.myanimelist.net/images/anime/8/75529l.jpg
Durarara!!x2 Shou,https://cdn.myanimelist.net/images/anime/12/67743l.jpg
Gintama: Jump Festa 2015 Special,https://cdn.myanimelist.net/images/anime/1720/110926l.jpg
High☆Speed!: Free! Starting Days,https://cdn.myanimelist.net/images/anime/8/76967l.jpg
Kyou kara Ore wa!!,https://cdn.myanimelist.net/images/anime/1042/110294l.jpg
Nurarihyon no Mago: Sennen Makyou,https://cdn.myanimelist.net/images/anime/5/77300l.jpg
Paprika,https://cdn.myanimelist.net/images/anime/1929/93629l.jpg
Prince of Tennis: The National Tournament Finals,https://cdn.myanimelist.net/images/anime/1142/133867l.jpg
School Rumble Ni Gakki,https://cdn.myanimelist.net/images/anime/5/75490l.jpg
Sekaiichi Hatsukoi,https://cdn.myanimelist.net/images/anime/6/29763l.jpg
Akagami no Shirayuki-hime 2nd Season,https://cdn.myanimelist.net/images/anime/12/77834l.jpg
"Clannad: Mou Hitotsu no Sekai, Tomoyo-hen",https://cdn.myanimelist.net/images/anime/12/19620l.jpg
Ginga Nagareboshi Gin,https://cdn.myanimelist.net/images/anime/3/47461l.jpg
Initial D Fifth Stage,https://cdn.myanimelist.net/images/anime/1563/119898l.jpg
K-On!!,https://cdn.myanimelist.net/images/anime/10/76120l.jpg
Log Horizon,https://cdn.myanimelist.net/images/anime/5/84004l.jpg
Sekaiichi Hatsukoi: Valentine-hen,https://cdn.myanimelist.net/images/anime/5/55723l.jpg
Slayers Next,https://cdn.myanimelist.net/images/anime/1165/92536l.jpg
Aria The OVA: Arietta,https://cdn.myanimelist.net/images/anime/11/77622l.jpg
Detective Conan Movie 15: Quarter of Silence,https://cdn.myanimelist.net/images/anime/9/32035l.jpg
Digimon Adventure tri. 3: Kokuhaku,https://cdn.myanimelist.net/images/anime/4/82612l.jpg
Gintama: Nanigoto mo Saiyo ga Kanjin nano de Tasho Senobisuru Kurai ga Choudoyoi,https://cdn.myanimelist.net/images/anime/1897/139500l.jpg
Igano Kabamaru,https://cdn.myanimelist.net/images/anime/1526/151643l.jpg
Kamisama Hajimemashita,https://cdn.myanimelist.net/images/anime/8/69187l.jpg
Kara no Kyoukai: Mirai Fukuin,https://cdn.myanimelist.net/images/anime/6/56621l.jpg
Mobile Suit Gundam: The 08th MS Team,https://cdn.myanimelist.net/images/anime/9/75618l.jpg
Omae Umasou da na,https://cdn.myanimelist.net/images/anime/11/27167l.jpg
Ushio to Tora (TV) 2nd Season,https://cdn.myanimelist.net/images/anime/1092/117404l.jpg
Wolf&#039;s Rain OVA,https://cdn.myanimelist.net/images/anime/1059/142414l.jpg
Ajin 2nd Season,https://cdn.myanimelist.net/images/anime/12/81858l.jpg
Aoki Hagane no Arpeggio: Ars Nova Cadenza,https://cdn.myanimelist.net/images/anime/2/74665l.jpg
City Hunter 2,https://cdn.myanimelist.net/images/anime/1272/138953l.jpg
Durarara!!x2 Ten,https://cdn.myanimelist.net/images/anime/8/74981l.jpg
ef: A Tale of Memories.,https://cdn.myanimelist.net/images/anime/1246/107820l.jpg
Ghost in the Shell 2.0,https://cdn.myanimelist.net/images/anime/3/75608l.jpg
Ghost in the Shell: Stand Alone Complex 2nd GIG - Individual Eleven,https://cdn.myanimelist.net/images/anime/5/2829l.jpg
Ginga Sengoku Gunyuuden Rai,https://cdn.myanimelist.net/images/anime/6/30829l.jpg
Initial D Second Stage,https://cdn.myanimelist.net/images/anime/8/12750l.jpg
Kami nomi zo Shiru Sekai II,https://cdn.myanimelist.net/images/anime/11/30030l.jpg
